{
	"en-US": {
		"alias_datatype": "aliases",
		"alias_listing": "{} (alias of {})",
		"alternate_case": "Let's mock this text: {}",
		"argument_invalid": "The value provided for the '{key}' argument is invalid.",
		"argument_required": "You must provide a {2} for the '{key}' argument.",
		"argument_type_boolean": "boolean",
		"argument_type_bytes": "bytes",
		"argument_type_color": "color",
		"argument_type_command": "command",
		"argument_type_duration": "duration",
		"argument_type_generic": "value",
		"argument_type_integer": "integer",
		"argument_type_string": "string",
		"argument_type_subreddit": "subreddit",
		"argument_type_url": "url",
		"argument_type_user": "user",
		"argument_unavailable_choice": "Your {2} for the '{key}' argument is not one of the available choices.",
		"astronauts_datatype": "astronauts in space",
		"birthday_message": "Happy {0}, {1}!",
		"birthday_song": "Happy {0} to you,\nhappy {0} to you!\nHappy {0}, dear {1}...\nhappy {0} to you!",
		"birthday_type": [
			"birthday",
			"cake day"
		],
		"birthday_user_unspecified": [
			"Happy {} dear... uh... who again?",
			"Wait a second... who am I singing happy {} to again?"
		],
		"boolean_argument_invalid": "The {2} for the '{key}' argument must be a valid yes/no option.",
		"bytes_argument_invalid": "The value provided for the '{key}' argument must be a proper value and unit of digital storage.",
		"bytes_conversion": "Converting that amount of bytes gives us {}.",
		"bytes_conversion_failed": "I could not convert those bytes.",
		"cannot_give_user_role": "The 'user' role cannot be given, since it applies to all users automatically.",
		"cannot_set_user_role_priority": "The 'user' role's priority cannot be set. It has the lowest priority.",
		"cannot_take_user_role": "The 'user' role cannot be taken, since it applies to all users automatically.",
		"color_amount_too_high": "I cannot provide you with {} colors because that would spam this chat.",
		"color_amount_too_low": "I need to provide you with at least one name for this color.",
		"color_argument_invalid": "The {2} for the '{key}' argument must be specified as a name, RGB, HSL, or hexadecimal code.",
		"color_name": [
			"This color is called {}.",
			"They call this color... {}..."
		],
		"color_names": [
			"The closest names for this color are {}.",
			"This color's similar to {}."
		],
		"command_aliases": "Aliases:",
		"command_aliases_single": "Alias:",
		"command_argument_nonexistent": "The {2} specified in the '{key}' argument does not exist.",
		"command_argument_not_original": "You can not specify an alias of another {2} for the '{key}' argument.",
		"command_arguments": "Arguments:",
		"command_datatype": "commands",
		"current_language": [
			"My language is currently set to {}. You can change it with {}setlang.",
			"Right now I am speaking {}, but you can change it using {}setlang.",
			"I'm speaking in {} currently, but it is changeable with {}setlang."
		],
		"current_language_no_permission": [
			"My language is currently set to {}.",
			"Right now I am speaking {}.",
			"I'm speaking in {} currently."
		],
		"current_time": [
			"The current time in {} is {}.",
			"Right now in {}, it is {}.",
			"It's {} in {} currently."
		],
		"custom_roll_max": "Sorry, but I will not be able to handle that request; it's simply too much for me.",
		"custom_roll_notation_invalid": [
			"That seems to be invalid syntax. Please use proper dice notation.",
			"The custom roll's in an invalid syntax. It must be proper dice notation."
		],
		"custom_roll_notation_unspecified": "Specify the dice you want to roll using standard notation.",
		"custom_roll_results": "Dice output: {}, with a total of {}.",
		"definition_vote_count": "({} votes)",
		"delete_faq_no_permission": [
			"That FAQ doesn't even exist, silly.",
			"I'm looking at the list of FAQs right now and don't see one with an identifier of '{1}'.",
			"I don't see a FAQ with an identifier of '{1}'.",
			"There is no FAQ with the ID of '{1}', so I cannot delete it."
		],
		"delete_faq_nonexistent": [
			"That FAQ doesn't even exist, silly. See {}listfaq for a list of deletable FAQs.",
			"I'm looking at the list of FAQs right now and don't see one with an identifier of '{1}'. Are you sure you gave me the right one, as viewable in {0}listfaq?",
			"I don't see a FAQ with an identifier of '{1}'. Is the FAQ you gave me one of the ones seen in {0}listfaq?",
			"There is no FAQ with the ID of '{1}', so I cannot delete it. For a list of FAQs that exist and thus are able to be deleted, type {0}listfaq."
		],
		"delete_faq_success": [
			"That FAQ has been deleted.",
			"That FAQ has been purged from existence.",
			"You will no longer see that FAQ."
		],
		"delete_faq_unspecified": "You need to specify a FAQ to delete. To get a list of FAQs, type {}listfaq.",
		"delete_faq_unspecified_no_permission": "You need to specify a FAQ to delete.",
		"die_land": [
			"The die lands on a {}.",
			"After a couple of bounces, the die finally settles on a {}.",
			"The die falls off the table, but lands on a {}.",
			"The die decides its number, a {}, but not before bouncing around a bit."
		],
		"duration": "That duration is {} seconds.",
		"duration_argument_invalid": "The {2} provided for the '{key}' argument could not be parsed.",
		"emoji_datatype": "emoji",
		"emoji_info": "{} is the '{}' emoji.",
		"emoji_info_closest": "The closest emoji was {}, which is the '{}' emoji.",
		"emoji_not_found": "That emoji could not be found.",
		"event_message": "event message",
		"event_message_clear": "The {} will not be sent.",
		"event_message_clear_no_change": [
			"I haven't been sending the {}.",
			"I'd stop sending the {}, if not for the fact that I haven't been doing that in the first place."
		],
		"event_message_update": "The {} has been updated.",
		"event_message_update_no_change": "That is already the {}.",
		"faq_datatype": "FAQs",
		"faq_nonexistent": "There is no FAQ with that identifier. For a list of FAQs that exist, type {}listfaq.",
		"faq_nonexistent_no_permission": "There is no FAQ with that identifier.",
		"faq_unspecified": "You need to specify an identifier for the FAQ you want to show. To find this list, type {}listfaq.",
		"faq_unspecified_no_permission": "You need to specify an identifier for the FAQ you want to show.",
		"feed": [
			"You should have this {}: {}",
			"Eat this {}: {}",
			"Have a bite of this {}: {}"
		],
		"feed_other": "u/{2}, you have been offered this {0}: {1}",
		"feedback_error": [
			"I couldn't send the feedback.",
			"Sorry, but something went wrong when I tried to send the feedback."
		],
		"feedback_recieved": "I have recieved the following message from u/{} in {}:\n\n{}",
		"feedback_success": [
			"I have contacted my creator for you.",
			"Your feedback has been passed on to my creator. Thank you for sending it!",
			"Thanks! I've given that feedback to my creator."
		],
		"feedback_unspecified": [
			"You need to provide some feedback!",
			"What feedback would you like to give?"
		],
		"fetch_4xx_error": "There was a client error!",
		"fetch_5xx_error": "The server had an error!",
		"fetch_cache_error": "There was an error reading from the cache!",
		"fetch_cancel_error": "The request was cancelled.",
		"fetch_generic_error": "I could not fetch the {}!",
		"fetch_http_error": "There was an HTTP error!",
		"fetch_parse_error": "There was an error while trying to parse the {}!",
		"fetch_protocol_error": "The protocol is unsupported!",
		"fetch_read_error": "There was an error reading from the response stream!",
		"fetch_redirect_error": "There were too many redirects!",
		"fetch_request_error": "There was an error when trying to make a request to get the {}!",
		"fetch_timeout_error": "The {} lookup took too long!",
		"generic_datatype": "items",
		"github": [
			"My source code is available at {}!",
			"You can find my source code at {}."
		],
		"github_contribute": "There are {issues} issues and {prs} pull requests open right now. If you would like to contribute, the GitHub repository with my source code is available at {url}!",
		"gitlab": [
			"The GitLab mirror of the GitHub repository can be found at {}.",
			"There is a mirror of the GitHub repository on GitLab, which you can find at {}."
		],
		"info": "I am u/{0}, ready to help you with anything you need!\nMy prefix is {1}, so to find a command you just do {1}command.\nI was made by haykam821, but please direct all questions and concerns via {1}feedback!",
		"integer_argument_invalid": "The value provided for the '{key}' argument must be an integer.",
		"integer_argument_too_high": "The maximum for the '{key}' argument is {max}, but you gave {1}.",
		"integer_argument_too_low": "The minimum for the '{key}' argument is {min}, but you gave {1}.",
		"invalid_timezone": [
			"That's not a valid time zone.",
			"That's not a time zone I've heard of!"
		],
		"invite_message": "Thanks for inviting me to this channnel, u/{inviter}!\nI'm u/{me}, your friendly bot asssistant,\nand you can do {prefix}commands to get started.",
		"ipv4_address": "Here is a random IP address: {}",
		"ipv6_address": "Here is a random IPv6 address: {}",
		"isalias_false": "The command, {}, is not an alias.",
		"isalias_true": "The command, {}, is an alias of {}.",
		"iss_location": [
			"The ISS is currently at {}°, {}°.",
			"Right now, the ISS is in space (obviously), at {}°, {}°."
		],
		"iss_location_type": "ISS location",
		"join_message": "join message",
		"karma": "The user {name} has {total} karma ({link} post and {comment} comment).",
		"karma_error": "That user's karma could not be retrieved.",
		"karma_user_not_found": "That user's karma could not be retrieved because they do not exist.",
		"lang_datatype": "languages",
		"langs_footer": "You can change the language with {prefix}setlang <lang>, where <lang> is one of the codes seen above.",
		"language": "English (American)",
		"language_not_available": [
			"Sorry, but I cannot speak that language currently.",
			"I don't know that language. You should consider helping with localizations!"
		],
		"language_updated": [
			"My language has been updated to {} here.",
			"I'll now speak {} here."
		],
		"leave_message": "leave message",
		"mod_update_failure": [
			"The moderator list could not be updated.",
			"The moderator list update was unsuccessful."
		],
		"mod_update_not_subreddit": [
			"You cannot update the moderator list because this is not a subreddit chat.",
			"This is a subreddit chat, so the moderator list cannot be updated."
		],
		"mod_update_success": [
			"The moderator list was updated successfully.",
			"The moderator list is now up to date."
		],
		"new_language_unspecified": "To change my language, you must specify the new language.",
		"no_faqs": "There are no {type}, but you can make one by using {prefix}setfaq.",
		"no_faqs_no_permission": "There are no {type}.",
		"no_pagination_items": "There are no {} to view.",
		"no_permission": "You are not allowed to use this command.",
		"nonexistent_role": "That role doesn't exist.",
		"number_changed": [
			"The new number is {}. The previous number was {}.",
			"The new number is {}, which is a change from the previous number, {}."
		],
		"number_created": [
			"The number is {}. There was no number before.",
			"The number is {}, which is a change from not having a number at all."
		],
		"page_counter": "(page {} of {})",
		"page_number_invalid": "That's an invalid page number!",
		"page_number_not_integer": "Page numbers must be integers.",
		"permission_already_granted": "That role already has that permission.",
		"permission_granted": "You have granted that permission.",
		"permission_invalid": "That permission is invalid.",
		"permission_taken": "You have taken that permission away.",
		"permissions_datatype": "permissions",
		"ping_result": [
			"Snooful has a ping of {}ms.",
			"Snooful's ping is currently at {}ms."
		],
		"ping_test": [
			"Pong!",
			"Plink!",
			"Dink!",
			"Plang!"
		],
		"record": "The world record for {} is at {}. For more information, view {}.",
		"record_game_type": "game",
		"record_game_unspecified": "Please specify a game.",
		"record_parse_error": "The speedrun.com API isn't sending valid JSON, for some reason!",
		"record_request_error": "There was an error when trying to make a request to the speedrun.com API!",
		"record_runs_type": "runs",
		"reload_success": "All commands have been reloaded.",
		"reverse": [
			"Reversing that gives us: {}",
			"After swapping the order of that text, we get: {}"
		],
		"role_already_exists": "A role with that name already exists.",
		"role_created": "That role has been created.",
		"role_deleted": "That role has been deleted.",
		"role_doesnt_have_permission": "That role already doesn't have that permission.",
		"role_listing_priority": "(priority: {})",
		"role_nonexistent": "That role does not exist.",
		"role_priority_set": "That role's priority has been changed to {}. Its permissions will now overrule permissions of roles with a lower priority.",
		"roles_datatype": "roles",
		"set_faq_id_unspecified": "You need to specify a FAQ to change. To get a list of FAQs, type {}listfaq.",
		"set_faq_id_unspecified_no_permission": "You need to specify a FAQ to change.",
		"set_faq_message_success_create": "A FAQ message (with ID '{}') has been created!",
		"set_faq_message_success_update": "That FAQ message (with ID '{}') has been updated.",
		"set_faq_message_unspecified": "You need to specify the message for the FAQ. If you would like to get rid of this FAQ, use {}delfaq.",
		"set_faq_message_unspecified_no_permission": "You need to specify the message for the FAQ.",
		"string_argument_regexp_fail": "The {2} provided for the '{key}' argument does not follow the allowed format.",
		"string_argument_too_long": "The {2} provided for the '{key}' argument is too long; the maximum length allowed is {maxLength} characters long.",
		"string_argument_too_short": "The {2} provided for the '{key}' argument is too short; the minimum length allowed is {minLength} characters long.",
		"subreddit_argument_too_long": "The {2} provided for the '{key}' is too long; subreddits can only have up to 20 characters in their name.",
		"subreddit_argument_too_short": "The {2} provided for the '{key}' is too long; subreddits must have at least 3 characters in their name.",
		"support_channel_missing": "Sorry, I couldn't find the channel I wanted to invite you to!",
		"support_invite_error": [
			"Sorry, something went wrong with the invitation!",
			"Unfortunately, it seems my invitation was lost in transit."
		],
		"support_invited": [
			"I've invited you to the support channel.",
			"Check your channel invites; I've sent an invite for the support channel to you.",
			"You should see an invite to the support channel appear soon."
		],
		"text_includes_emoji": "That text does include emoji.",
		"text_includes_no_emoji": "No emoji could be found in that text.",
		"unspecified_reverse_message": [
			"Please specify the text to reverse.",
			"What text would you like me to reverse?"
		],
		"urban_dictionary_no_result": [
			"There was no result for that word on Urban Dictionary!",
			"That word is not currently in Urban Dictionary."
		],
		"urban_dictionary_unspecified_word": [
			"undefined: A subtle hint that you need to tell me which word to define.",
			"undefined: The state of being when someone uses this command without specifying the word that should be defined."
		],
		"url_argument_invalid": "The value provided for the '{key}' argument is not a valid URL.",
		"user_already_has_role": "u/{} already has that role.",
		"user_argument_too_long": "The {2} provided for the '{key}' is too long; usernames can only be up to 20 characters long.",
		"user_argument_too_short": "The {2} provided for the '{key}' is too long; usernames must be at least 3 characters long.",
		"user_doesnt_have_role": "u/{} doesn't have that role.",
		"user_given_role": "You have given u/{} that role.",
		"user_role_created": "The 'user' role has been created. This role is given to all users automatically.",
		"user_taken_role": "You have taken that role away from u/{}.",
		"version": "I am running version {}!",
		"version_hash": "I am running version {}, with the most recent commit being {}!",
		"whereami": [
			"You are in {}.",
			"Don't you have a GPS or something? Whatever, you're in {} right now.",
			"Do I really have to tell you this? You're in {}...",
			"Doesn't that device you're using include GPS? Well, you're in {} currently."
		],
		"whereami_direct": [
			"a direct channel with me"
		],
		"whereami_group": [
			"a group channel called '{}'"
		],
		"whoami": [
			"Ah, silly humans, always forgetting their names. I won't throw you under the shade too much this time, though, u/{}.",
			"You need a nametag, u/{}...",
			"Do you need to write 'u/{}' on your hand so you can remember?",
			"I'm diagnosing you with amnesia, u/{}.",
			"It's a bit sad that you have to rely on me to figure out what your name is, u/{}.",
			"u/{}, welcome to my class: Not Forgetting Your Name 101."
		],
		"wikipedia_article_not_found": [
			"That Wikipedia article could not be found.",
			"The biggest encyclomedia on this planet doesn't have that article. What a shame."
		]
	},
	"es-ES": {
		"alias_datatype": "alias",
		"alias_listing": "{} (alias de {})",
		"alternate_case": "Vamos a trastear con este texto: {}",
		"argument_invalid": "El valor proporcionado para el argumento '{key}' no es válido.",
		"argument_required": "Es necesario proporcionar un {2} para el argumento '{key}'.",
		"argument_type_boolean": "booleano",
		"argument_type_bytes": "bytes",
		"argument_type_color": "color",
		"argument_type_command": "comando",
		"argument_type_duration": "duración",
		"argument_type_generic": "genérico",
		"argument_type_integer": "número entero",
		"argument_type_string": "texto",
		"argument_type_subreddit": "subreddit",
		"argument_type_url": "url",
		"argument_type_user": "usuario",
		"argument_unavailable_choice": "Tu {2} para el argumento '{key}' no es una de las opciones disponibles.",
		"astronauts_datatype": "astronautas en el espacio",
		"birthday_message": "¡Feliz {0}, {1}!",
		"birthday_song": "¡{0} feliz!\n¡{0} feliz!\nTe deseamos {1}...\n¡{0} feliz!",
		"birthday_type": [
			"Cumpleaños",
			"Cumpletartas"
		],
		"birthday_user_unspecified": [
			"{0} feliz... eh... ¿pero a quién se lo deseamos?",
			"Espera un segundo... ¿A quién dices que le estoy cantando el {} feliz?"
		],
		"boolean_argument_invalid": "El {2} para el argumento '{key}' debe ser una opción válida Sí/No.",
		"bytes_argument_invalid": "El valor proporcionado para el argumento '{key}' debe ser un valor y una unidad de almacenamiento digital apropiados.",
		"bytes_conversion": "Al convertir esa cantidad de bytes nos sale {}.",
		"bytes_conversion_failed": "No he podido convertir esos bytes.",
		"color_amount_too_high": "No puedo proporcionarte los colores {} porque llenaría el chat de spam.",
		"color_amount_too_low": "Necesito proporcionarte como mínimo un nombre para este color.",
		"color_argument_invalid": "El {2} para el argumento '{key}' debe especificarse como un nombre, RGB, HSL, o código hexagesimal.",
		"color_name": [
			"Este color se llama {}.",
			"A este color lo llaman... {}..."
		],
		"color_names": [
			"Los nombres que más se acercan a este color son {}.",
			"Este color se parece al {}."
		],
		"command_aliases": "Alias:",
		"command_aliases_single": "Alias:",
		"command_argument_nonexistent": "El {2} especificado en el argumento '{key}' no existe.",
		"command_argument_not_original": "No puedes usar el alias de otro {2} para el argumento '{key}'.",
		"command_arguments": "Argumentos:",
		"command_datatype": "comandos",
		"current_language": [
			"Mi idioma actual está configurado en {}. Puedes cambiarlo con {}setlang.",
			"En este momento estoy hablando {}, pero puedes cambiarlo usando {}setlang.",
			"Estoy hablando en {} ahora mismo, pero se puede cambiar con {}setlang."
		],
		"current_time": [
			"La hora actual en {} es {}.",
			"Ahora mismo en {}, son la(s) {}.",
			"Son la(s) {} en {} actualmente."
		],
		"custom_roll_max": "Lo siento, pero no voy a ser capaz de procesar esa solicitud; sencillamente es demasiado para mí.",
		"custom_roll_notation_invalid": [
			"Esa sintaxis no parece válida. Por favor, usa una notación apropiada para dados.",
			"La tirada actual utiliza una sintaxis no válida. Debes usar una notación apropiada para dados."
		],
		"custom_roll_notation_unspecified": "Especifica qué dados quieres tirar usando una notación estándar.",
		"custom_roll_results": "Resultado de los dados: {}, con un total de {}.",
		"definition_vote_count": "({} votos)",
		"delete_faq_nonexistent": [
			"Ese FAQ ni siquiera existe, tontín. Usa {}listfaq para ver una lista de FAQs que puedes borrar.",
			"Estoy mirando la lista de FAQs ahora mismo y no veo ninguno con el identificador '{1}'. ¿Estás seguro de que me has escrito el correcto, tal y como aparece en {0}listfaq?",
			"No veo ningún FAQ con el identificador '{1}'. ¿Es el FAQ que me has escrito uno de los que aparecen en {0}listfaq?",
			"No hay ningún FAQ con la ID '{1}', así que no puedo borrarlo. Para ver una lista de FAQs existentes, y por lo tanto borrables, escribe {0}listfaq."
		],
		"delete_faq_success": [
			"El FAQ seleccionado ha sido borrado.",
			"Ese FAQ ha desaparecido de la faz de la tierra.",
			"No volverás a ver ese FAQ."
		],
		"delete_faq_unspecified": "Necesitas especificar un FAQ que borrar. Para obtener una lista de FAQs, escribe {}listfaq.",
		"die_land": [
			"El dado cae, mostrando un {}.",
			"Tras dar varios botes, el dado finalmente se para en el {}.",
			"El dado se cae de la mesa, pero aterriza mostrando un {}.",
			"El dado se decide por un número, el {}, pero no sin dar unos cuantos botes por ahí."
		],
		"duration": "Esa duración son {} segundos.",
		"duration_argument_invalid": "El {2} proporcionado para el argumento '{key}' no se ha podido interpretar.",
		"emoji_datatype": "emoji",
		"emoji_info": "{} es el emoji '{}'.",
		"emoji_info_closest": "El emoji más cercano ha sido {}, que es el emoji '{}'.",
		"emoji_not_found": "Ese emoji no se ha podido encontrar.",
		"event_message": "mensaje de evento",
		"event_message_clear": "El {} no se enviará.",
		"event_message_clear_no_change": [
			"No estaba enviando ningún {}.",
			"Dejaría de enviar el {}, si no fuera por el hecho de que no estaba enviando ninguno."
		],
		"event_message_update": "El {} se ha actualizado.",
		"event_message_update_no_change": "Ese ya es el actual {}.",
		"faq_datatype": "FAQs (Preguntas Frecuentes)",
		"faq_nonexistent": "No hay ningún FAQ con ese identificador. Para ver una lista de los FAQs existentes, escribe {}listfaq.",
		"faq_unspecified": "Necesitas especificar un identificador para el FAQ que quieres mostrar. Para ver una lista, escribe {}listfaq.",
		"feedback_error": [
			"No he podido enviar el comentario.",
			"Lo siento, pero algo ha salido mal al tratar de enviar el comentario."
		],
		"feedback_recieved": "He recibido el siguiente mensaje de u/{} en {}:\n\n{}",
		"feedback_success": [
			"Me he puesto en contacto con mi creador por ti.",
			"Tu comentario ha sido enviado a mi creador. ¡Gracias por mandarlo!",
			"¡Gracias! Le he transmitido ese comentario a mi creador."
		],
		"feedback_unspecified": [
			"¡Necesitas proporcionar algún comentario!",
			"¿Qué comentario te gustaría enviar?"
		],
		"fetch_4xx_error": "¡Ha habido un error con el cliente!",
		"fetch_5xx_error": "¡El servidor ha sufrido un error!",
		"fetch_cache_error": "¡Ha habido un error al leer la cache!",
		"fetch_cancel_error": "La solicitud se ha cancelado.",
		"fetch_generic_error": "¡No he podido recuperar el {}!",
		"fetch_http_error": "¡Ha habido un error de HTTP!",
		"fetch_parse_error": "¡Ha habido un error al tratar de interpretar el {}!",
		"fetch_protocol_error": "¡El protocolo no está soportado!",
		"fetch_read_error": "¡Ha habido un error al leer el canal de respuesta!",
		"fetch_redirect_error": "¡Había demasiadas redirecciones!",
		"fetch_request_error": "¡Ha ocurrido un error al tratar de realizar una solicitud para obtener el {}!",
		"fetch_timeout_error": "¡La búsqueda {} ha tardado demasiado!",
		"generic_datatype": "objetos",
		"github": [
			"¡Mi código fuente está disponible en {}!",
			"Puedes encontrar mi código fuente en {}."
		],
		"github_contribute": "Hay {issues} asuntos y {prs} solicitudes abiertas ahora mismo. ¡Si quieres contribuir, el repositorio GitHub con mi código fuente está disponible en {url}!",
		"gitlab": [
			"El espejo GitLab del repositorio GitHub se puede encontrar en {}.",
			"Hay un espejo del repositorio GitHub en GitLab, el cual puedes encontrar en {}."
		],
		"info": "Soy u/{0}, ¡listo para ayudarte con cualquier cosa que necesites!\nMi prefijo es {1}, así que para encontrar un comando solo tienes que escribir {1}command.\nFui creado por haykam821, ¡pero por favor, envía todas tus preguntas y comentarios a través del comando {1}feedback !",
		"integer_argument_invalid": "El valor proporcionado para el argumento '{key}' debe ser un número entero.",
		"integer_argument_too_high": "El máximo para el argumento '{key}' es {max}, pero tú me has dado {1}.",
		"integer_argument_too_low": "El mínimo para el argumento '{key}' es {min}, pero tú me has dado {1}.",
		"invalid_timezone": [
			"Esa no es una zona horaria válida.",
			"¡Nunca he oído hablar de esa zona horaria!"
		],
		"invite_message": "¡Gracias por invitarme a este canal, u/{inviter}!\nSoy u/{me}, tu simpático bot asistente,\ny para comenzar puedes escribir {prefix}commands.",
		"isalias_false": "El comando, {}, no es un alias.",
		"isalias_true": "El comando, {}, es un alias de {}.",
		"iss_location": [
			"La ISS está ahora mismo en la posición {}°, {}°.",
			"Ahora mismo, la ISS está en el espacio (obviamente), en la posición {}°, {}°."
		],
		"iss_location_type": "Ubicación de la ISS (Estación Espacial Internacional)",
		"join_message": "mensaje de bienvenida",
		"lang_datatype": "idiomas",
		"langs_footer": "Puedes cambiar el idioma con {prefix}setlang <idioma>, donde <idioma> es uno de los códigos arriba descritos.",
		"language": "Español",
		"language_not_available": [
			"Lo siento, pero no sé hablar ese idioma en este momento.",
			"No conozco ese idioma. ¡Deberías plantearte ayudar con las traducciones!"
		],
		"language_updated": [
			"Mi idioma se ha cambiado a {} aquí.",
			"A partir de ahora hablaré {} aquí."
		],
		"leave_message": "mensaje de despedida",
		"mod_update_failure": "La lista de moderadores no se ha podido actualizar.",
		"mod_update_not_subreddit": "No puedes actualizar la lista de moderadores porque esto no es el chat de un subreddit.",
		"mod_update_success": "La lista de moderadores se ha actualizado correctamente.",
		"new_language_unspecified": "Para cambiar mi idioma, debes introducir el nuevo idioma.",
		"no_faqs": "No hay {type}. Puedes crear uno usando {prefix}setfaq.",
		"no_pagination_items": "No hay {} para ver.",
		"no_permission": "No tienes los permisos necesarios para usar este comando.",
		"nonexistent_role": "Ese rol no existe.",
		"number_changed": [
			"El nuevo número es {}. El anterior número era {}.",
			"El nuevo número es {}, que implica un cambio del anterior número, {}."
		],
		"number_created": [
			"El número es {}. No había ningún número antes.",
			"El número es {}, con lo cual deja de no haber níngún numero en absoluto."
		],
		"page_counter": "(página {} de {})",
		"page_number_invalid": "¡Ese número de página no es válido!",
		"page_number_not_integer": "Los números de página deben ser números enteros.",
		"permission_already_granted": "Ese rol ya tiene esos permisos.",
		"permission_granted": "Has concedido esos permisos.",
		"permission_invalid": "Esos permisos no son válidos.",
		"permission_taken": "Has revocado esos permisos.",
		"permissions_datatype": "permisos",
		"ping_result": [
			"Snooful tiene un tiempo de respuesta de {}ms.",
			"El tiempo de respuesta de Snooful es actualmente {}ms."
		],
		"ping_test": [
			"¡Pong!",
			"¡Plink!",
			"¡Dink!",
			"¡Plang!"
		],
		"record": "El record mundial de {} es de {}. Para más información, ver {}.",
		"record_game_type": "juego",
		"record_game_unspecified": "Por favor especifica un juego.",
		"record_parse_error": "¡Por alguna razón, la API de speedrun.com no está enviando un JSON válido!",
		"record_request_error": "¡Ha ocurrido un error al tratar de realizar una solicitud con la API de speedrun.com!",
		"record_runs_type": "partidas",
		"reload_success": "Se han recargado todos los comandos.",
		"reverse": [
			"Al darle la vuelta a eso nos da: {}",
			"Tras cambiar el orden de ese texto, nos sale: {}"
		],
		"role_already_exists": "Ya existe un rol con ese nombre.",
		"role_created": "El rol ha sido creado.",
		"role_deleted": "El rol ha sido borrado.",
		"role_doesnt_have_permission": "El rol ya carecía de esos permisos.",
		"roles_datatype": "roles",
		"set_faq_id_unspecified": "Necesitas especificar un FAQ que cambiar. Para obtener una lista de FAQs, escribe {}listfaq.",
		"set_faq_message_success_create": "¡Un mensaje del FAQ (con la ID '{}') ha sido creado!",
		"set_faq_message_success_update": "Ese mensaje del FAQ (con la ID '{}') ha sido actualizado.",
		"set_faq_message_unspecified": "Necesitas especificar el mensaje para el FAQ. Si quieres eliminar este FAQ, usa {}delfaq.",
		"string_argument_regexp_fail": "El {2} proporcionado para el argumento '{key}' no cumple el formato permitido.",
		"string_argument_too_long": "El {2} proporcionado para el argumento '{key}' es demasiado largo; la longitud máxima permitida es de {maxLength} caracteres.",
		"string_argument_too_short": "El {2} proporcionado para el argumento '{key}' es demasiado corto; la longitud mínima permitida es de {minLength} caracteres.",
		"subreddit_argument_too_long": "El {2} proporcionado para '{key}' es demasiado largo; los subreddits solo pueden tener nombres de hasta 20 caracteres.",
		"subreddit_argument_too_short": "El {2} proporcionado para '{key}' es demasiado corto; los subreddits deben tener nombres de al menos 3 caracteres.",
		"support_channel_missing": "¡Lo siento, no he podido encontrar el canal al que quería invitarte!",
		"support_invite_error": [
			"¡Lo siento, algo ha salido mal con la invitación!",
			"Por desgracia, parece que mi invitación se ha perdido por el camino."
		],
		"support_invited": [
			"Te he invitado al canal de soporte.",
			"Comprueba tus invitaciones a canales; te he enviado una invitación para el canal de soporte.",
			"Deberías ver aparecer una invitación al canal de soporte en breve."
		],
		"text_includes_emoji": "Ese texto incluye un emoji.",
		"text_includes_no_emoji": "No se ha podido encontrar ningún emoji en ese texto.",
		"unspecified_reverse_message": [
			"Por favor, introduce el texto al que hay que darle la vuelta.",
			"¿A qué texto quieres que le dé la vuelta?"
		],
		"urban_dictionary_no_result": [
			"¡No hay resultados con esa palabra en Urban Dictionary!",
			"Esa palabra no está actualmente registrada en Urban Dictionary."
		],
		"urban_dictionary_unspecified_word": [
			"sin definir: Indicación o pista sutil de que necesitas decirme qué palabra hay que definir.",
			"sin definir: Estado en el que se encuentra algo cuando alguien usa este comando sin especificar la palabra a definir."
		],
		"url_argument_invalid": "El valor proporcionado para el argumento '{key}' no es una URL válida.",
		"user_already_has_role": "u/{} ya tiene ese rol.",
		"user_argument_too_long": "El {2} proporcionado para '{key}' es demasiado largo; los nombres de usuario solo pueden tener hasta 20 caracteres.",
		"user_argument_too_short": "El {2} proporcionado para '{key}' es demasiado corto; los nombres de usuario deben tener al menos 3 caracteres.",
		"user_doesnt_have_role": "u/{} no tiene ese rol.",
		"user_given_role": "Le has dado ese rol a u/{}.",
		"user_taken_role": "Le has quitado ese rol a u/{}.",
		"version": "¡Funciono en la versión {}!",
		"version_hash": "¡Utilizo la versión {}, cuya revisión más reciente es {}!",
		"whereami": [
			"Estás en {}.",
			"¿No tienes un GPS o algo? Bueno da igual, estás en {} ahora mismo.",
			"¿De verdad tengo que decirte esto? Estás en {}...",
			"¿No incluye un GPS el dispositivo que estás usando? Bueno pues estás en {} actualmente."
		],
		"whoami": [
			"Ah, tontos humanos, siempre olvidándose de sus nombres. Bueno, esta vez no me cebaré demasiado contigo, u/{}.",
			"Deberías llevar una etiqueta con tu nombre, u/{}...",
			"¿Necesitas escribirte 'u/{}' en la mano para recordarlo?",
			"Mi diagnóstico es que tienes amnesia, u/{}.",
			"Es algo triste que tengas que recurrir a mí para acordarte de cuál es tu nombre, u/{}.",
			"u/{}, bienvenido a mi clase: No Olvidarte De Tu Nombre 101."
		],
		"wikipedia_article_not_found": [
			"No se ha podido encontrar ese artículo de Wikipedia.",
			"La enciclopedia online más grande de este planeta no incluye ese artículo. Qué vergüenza."
		]
	},
	"pt-BR": {
		"birthday_song": "Feliz {0} pra voce,\nfeliz {0} pra voce!\nFeliz {0} {1}...\nfeliz {0} pra voce!",
		"birthday_type": "aniversario",
		"birthday_user_unspecified": "Feliz {} pra voce,\nfeliz {} pra voce!\nFeliz {} pra... uh... quem mesmo?",
		"clear_join_message": "A mensagem de boas vindas não vai ser enviada.",
		"clear_leave_message": "A mensagem de até mais não vai ser enviada.",
		"command_not_found": "Não existe comando assim.",
		"command_unspecified": "Porfavor especifique que comando voce quer ver. Para ver todos os comandos, faça {}commands.",
		"current_language": "A linguagem do Snooful é {}. Voce pode mudar a linguagem com {}setlang.",
		"current_time": "O horario agora em {} é {}.",
		"feedback_error": "Eu não consegui mandar o feedback",
		"feedback_recieved": "Voce recebi uma mensagem de u/{} via {}:\n\n{}",
		"feedback_success": "Eu contatei o meu criador para voce.",
		"feedback_unspecified": "Voce precisa colocar feedback para manda-lo!",
		"github": "Meu codigo sorce esta disponivel em {}!",
		"info": "Eu sou O u/{0}, pronto pra te ajudar!\nO meu prefixo é {1}, Faça {1}command para ver todos os comandos.\nEu fui feito por haykam821, e traduzido para Portugues por GammaRaul, mas por favor mande todas as perguntas via {1}feedback.",
		"invalid_timezone": "Isso não é um fuso horario valido.",
		"language": "Português (Brasileiro)",
		"language_not_available": "Desculpa, mas, essa linguagem não esta disponivel no momento.",
		"language_updated": "O indioma de Snooful foi mudado com sucesso.",
		"new_language_unspecified": "Para mudar a linguagem de Snooful, voce precisa falar qual linguagem voce quer que ele fale.",
		"number_changed": "O numero novo é {}. O numera velho era {}.",
		"number_created": "O numero é {}. Não tinha numero antes",
		"page_number_invalid": "Isso é um numero de pagina invalido!",
		"page_number_not_integer": "Numeros de pagina precisam ser numeros inteiros.",
		"reverse": "Invertendo isso nos da: {}",
		"support_channel_missing": "Desculpa, eu não achei o chat que queria convidar!",
		"support_invite_error": "Desculpa, algo deu errado no convite!",
		"support_invited": "Eu te convidei pro canal de suporte.",
		"unspecified_reverse_message": "Porfavor especifique oque voce quer inverter.",
		"update_join_message": "A messagem de boas vindas foi mudada.",
		"update_leave_message": "A mensagem de até mais foi mudada.",
		"urban_dictionary_no_result": "Não tem resultado pra isso no Dicionario Urbano!",
		"urban_dictionary_unspecified_word": "indefinido: Me diga oque procurar no Dicionario Urbano.",
		"version": "Eu estou andando na versão {}! 😄",
		"version_hash": "Eu estou andando na versão {}, com o ultimo commit sendo {}!",
		"whereami": "Voce esta dentro de {}.",
		"whoami": "Ah, humanos bobos, sempre esquecendo seus nomes. Mas eu nao vou te jogar muito na sombra, u/{}."
	}
}